date_heure,consommation
2024-04-09 22:00:00+00:00,6534.0
2024-04-09 22:15:00+00:00,6556.0
2024-04-09 22:30:00+00:00,6388.0
2024-04-09 22:45:00+00:00,6281.0
2024-04-09 23:00:00+00:00,6337.0
2024-04-09 23:15:00+00:00,6186.0
2024-04-09 23:30:00+00:00,6271.0
2024-04-09 23:45:00+00:00,6188.0
2024-04-10 00:00:00+00:00,6172.0
2024-04-10 00:15:00+00:00,6236.0
2024-04-10 00:30:00+00:00,6166.0
2024-04-10 00:45:00+00:00,6097.0
2024-04-10 01:00:00+00:00,6146.0
2024-04-10 01:15:00+00:00,6102.0
2024-04-10 01:30:00+00:00,5998.0
2024-04-10 01:45:00+00:00,5953.0
2024-04-10 02:00:00+00:00,5984.0
2024-04-10 02:15:00+00:00,6038.0
2024-04-10 02:30:00+00:00,5920.0
2024-04-10 02:45:00+00:00,5976.0
2024-04-10 03:00:00+00:00,6107.0
2024-04-10 03:15:00+00:00,6152.0
2024-04-10 03:30:00+00:00,6223.0
2024-04-10 03:45:00+00:00,6361.0
2024-04-10 04:00:00+00:00,6449.0
2024-04-10 04:15:00+00:00,6699.0
2024-04-10 04:30:00+00:00,6851.0
2024-04-10 04:45:00+00:00,7041.0
2024-04-10 05:00:00+00:00,7097.0
2024-04-10 05:15:00+00:00,7228.0
2024-04-10 05:30:00+00:00,7351.0
2024-04-10 05:45:00+00:00,7531.0
2024-04-10 06:00:00+00:00,7510.0
2024-04-10 06:15:00+00:00,7675.0
2024-04-10 06:30:00+00:00,7638.0
2024-04-10 06:45:00+00:00,7667.0
2024-04-10 07:00:00+00:00,7647.0
2024-04-10 07:15:00+00:00,7790.0
2024-04-10 07:30:00+00:00,7830.0
2024-04-10 07:45:00+00:00,7830.0
2024-04-10 08:00:00+00:00,7764.0
2024-04-10 08:15:00+00:00,7801.0
2024-04-10 08:30:00+00:00,7797.0
2024-04-10 08:45:00+00:00,7801.0
2024-04-10 09:00:00+00:00,7965.0
2024-04-10 09:15:00+00:00,7898.0
2024-04-10 09:30:00+00:00,7789.0
2024-04-10 09:45:00+00:00,7857.0
2024-04-10 10:00:00+00:00,7922.0
2024-04-10 10:15:00+00:00,7935.0
2024-04-10 10:30:00+00:00,7830.0
2024-04-10 10:45:00+00:00,7856.0
2024-04-10 11:00:00+00:00,7732.0
2024-04-10 11:15:00+00:00,7657.0
2024-04-10 11:30:00+00:00,7660.0
2024-04-10 11:45:00+00:00,7474.0
2024-04-10 12:00:00+00:00,7284.0
2024-04-10 12:15:00+00:00,7510.0
2024-04-10 12:30:00+00:00,7359.0
2024-04-10 12:45:00+00:00,7152.0
2024-04-10 13:00:00+00:00,7148.0
2024-04-10 13:15:00+00:00,7193.0
2024-04-10 13:30:00+00:00,7185.0
2024-04-10 13:45:00+00:00,7183.0
2024-04-10 14:00:00+00:00,7165.0
2024-04-10 14:15:00+00:00,7074.0
2024-04-10 14:30:00+00:00,7090.0
2024-04-10 14:45:00+00:00,7045.0
2024-04-10 15:00:00+00:00,6983.0
2024-04-10 15:15:00+00:00,6945.0
2024-04-10 15:30:00+00:00,6850.0
2024-04-10 15:45:00+00:00,6915.0
2024-04-10 16:00:00+00:00,6984.0
2024-04-10 16:15:00+00:00,6920.0
2024-04-10 16:30:00+00:00,7054.0
2024-04-10 16:45:00+00:00,7164.0
2024-04-10 17:00:00+00:00,7377.0
2024-04-10 17:15:00+00:00,7238.0
2024-04-10 17:30:00+00:00,7161.0
2024-04-10 17:45:00+00:00,7256.0
2024-04-10 18:00:00+00:00,7250.0
2024-04-10 18:15:00+00:00,7151.0
2024-04-10 18:30:00+00:00,7181.0
2024-04-10 18:45:00+00:00,7425.0
2024-04-10 19:00:00+00:00,7207.0
2024-04-10 19:15:00+00:00,7073.0
2024-04-10 19:30:00+00:00,6920.0
2024-04-10 19:45:00+00:00,6851.0
2024-04-10 20:00:00+00:00,6952.0
2024-04-10 20:15:00+00:00,6992.0
2024-04-10 20:30:00+00:00,7099.0
2024-04-10 20:45:00+00:00,7162.0
2024-04-10 21:00:00+00:00,7305.0
2024-04-10 21:15:00+00:00,7221.0
2024-04-10 21:30:00+00:00,7183.0
2024-04-10 21:45:00+00:00,6952.0
2024-04-10 22:00:00+00:00,6952.0
2024-04-10 22:15:00+00:00,6830.0
2024-04-10 22:30:00+00:00,6695.0
2024-04-10 22:45:00+00:00,6448.0
2024-04-10 23:00:00+00:00,6480.0
2024-04-10 23:15:00+00:00,6486.0
2024-04-10 23:30:00+00:00,6518.0
2024-04-10 23:45:00+00:00,6456.0
2024-04-11 00:00:00+00:00,6526.0
2024-04-11 00:15:00+00:00,6571.0
2024-04-11 00:30:00+00:00,6529.0
2024-04-11 00:45:00+00:00,6496.0
2024-04-11 01:00:00+00:00,6481.0
2024-04-11 01:15:00+00:00,6477.0
2024-04-11 01:30:00+00:00,6491.0
2024-04-11 01:45:00+00:00,6349.0
2024-04-11 02:00:00+00:00,6358.0
2024-04-11 02:15:00+00:00,6352.0
2024-04-11 02:30:00+00:00,6397.0
2024-04-11 02:45:00+00:00,6333.0
2024-04-11 03:00:00+00:00,6512.0
2024-04-11 03:15:00+00:00,6640.0
2024-04-11 03:30:00+00:00,6701.0
2024-04-11 03:45:00+00:00,6964.0
2024-04-11 04:00:00+00:00,6969.0
2024-04-11 04:15:00+00:00,7093.0
2024-04-11 04:30:00+00:00,7229.0
2024-04-11 04:45:00+00:00,7359.0
2024-04-11 05:00:00+00:00,7491.0
2024-04-11 05:15:00+00:00,7691.0
2024-04-11 05:30:00+00:00,7817.0
2024-04-11 05:45:00+00:00,7808.0
2024-04-11 06:00:00+00:00,7900.0
2024-04-11 06:15:00+00:00,7904.0
2024-04-11 06:30:00+00:00,7801.0
2024-04-11 06:45:00+00:00,7824.0
2024-04-11 07:00:00+00:00,7766.0
2024-04-11 07:15:00+00:00,7940.0
2024-04-11 07:30:00+00:00,7795.0
2024-04-11 07:45:00+00:00,7652.0
2024-04-11 08:00:00+00:00,7659.0
2024-04-11 08:15:00+00:00,7492.0
2024-04-11 08:30:00+00:00,7446.0
2024-04-11 08:45:00+00:00,7558.0
2024-04-11 09:00:00+00:00,7422.0
2024-04-11 09:15:00+00:00,7405.0
2024-04-11 09:30:00+00:00,7373.0
2024-04-11 09:45:00+00:00,7522.0
2024-04-11 10:00:00+00:00,7401.0
2024-04-11 10:15:00+00:00,7328.0
2024-04-11 10:30:00+00:00,7260.0
2024-04-11 10:45:00+00:00,7482.0
2024-04-11 11:00:00+00:00,7384.0
2024-04-11 11:15:00+00:00,7398.0
2024-04-11 11:30:00+00:00,7183.0
2024-04-11 11:45:00+00:00,7047.0
2024-04-11 12:00:00+00:00,6945.0
2024-04-11 12:15:00+00:00,6927.0
2024-04-11 12:30:00+00:00,6882.0
2024-04-11 12:45:00+00:00,6751.0
2024-04-11 13:00:00+00:00,6808.0
2024-04-11 13:15:00+00:00,6920.0
2024-04-11 13:30:00+00:00,6711.0
2024-04-11 13:45:00+00:00,6681.0
2024-04-11 14:00:00+00:00,6565.0
2024-04-11 14:15:00+00:00,6558.0
2024-04-11 14:30:00+00:00,6461.0
2024-04-11 14:45:00+00:00,6567.0
2024-04-11 15:00:00+00:00,6417.0
2024-04-11 15:15:00+00:00,6436.0
2024-04-11 15:30:00+00:00,6350.0
2024-04-11 15:45:00+00:00,6502.0
2024-04-11 16:00:00+00:00,6490.0
2024-04-11 16:15:00+00:00,6632.0
2024-04-11 16:30:00+00:00,6640.0
2024-04-11 16:45:00+00:00,6716.0
2024-04-11 17:00:00+00:00,6776.0
2024-04-11 17:15:00+00:00,6724.0
2024-04-11 17:30:00+00:00,6847.0
2024-04-11 17:45:00+00:00,6745.0
2024-04-11 18:00:00+00:00,6824.0
2024-04-11 18:15:00+00:00,6793.0
2024-04-11 18:30:00+00:00,6941.0
2024-04-11 18:45:00+00:00,6895.0
2024-04-11 19:00:00+00:00,6939.0
2024-04-11 19:15:00+00:00,6831.0
2024-04-11 19:30:00+00:00,6701.0
2024-04-11 19:45:00+00:00,6513.0
2024-04-11 20:00:00+00:00,6635.0
2024-04-11 20:15:00+00:00,6669.0
2024-04-11 20:30:00+00:00,6688.0
2024-04-11 20:45:00+00:00,6699.0
2024-04-11 21:00:00+00:00,6769.0
2024-04-11 21:15:00+00:00,6817.0
2024-04-11 21:30:00+00:00,6636.0
2024-04-11 21:45:00+00:00,6578.0
2024-04-11 22:00:00+00:00,6449.0
2024-04-11 22:15:00+00:00,6399.0
2024-04-11 22:30:00+00:00,6221.0
2024-04-11 22:45:00+00:00,6180.0
2024-04-11 23:00:00+00:00,6016.0
2024-04-11 23:15:00+00:00,6159.0
2024-04-11 23:30:00+00:00,6064.0
2024-04-11 23:45:00+00:00,6046.0
2024-04-12 00:00:00+00:00,6094.0
2024-04-12 00:15:00+00:00,6068.0
2024-04-12 00:30:00+00:00,6063.0
2024-04-12 00:45:00+00:00,5965.0
2024-04-12 01:00:00+00:00,5966.0
2024-04-12 01:15:00+00:00,5932.0
2024-04-12 01:30:00+00:00,5894.0
2024-04-12 01:45:00+00:00,5810.0
2024-04-12 02:00:00+00:00,5895.0
2024-04-12 02:15:00+00:00,5915.0
2024-04-12 02:30:00+00:00,5908.0
2024-04-12 02:45:00+00:00,5951.0
2024-04-12 03:00:00+00:00,6003.0
2024-04-12 03:15:00+00:00,6044.0
2024-04-12 03:30:00+00:00,6180.0
2024-04-12 03:45:00+00:00,6380.0
2024-04-12 04:00:00+00:00,6402.0
2024-04-12 04:15:00+00:00,6648.0
2024-04-12 04:30:00+00:00,6760.0
2024-04-12 04:45:00+00:00,6944.0
2024-04-12 05:00:00+00:00,7031.0
2024-04-12 05:15:00+00:00,7026.0
2024-04-12 05:30:00+00:00,7278.0
2024-04-12 05:45:00+00:00,7315.0
2024-04-12 06:00:00+00:00,7347.0
2024-04-12 06:15:00+00:00,7410.0
2024-04-12 06:30:00+00:00,7428.0
2024-04-12 06:45:00+00:00,7532.0
2024-04-12 07:00:00+00:00,7393.0
2024-04-12 07:15:00+00:00,7498.0
2024-04-12 07:30:00+00:00,7449.0
2024-04-12 07:45:00+00:00,7446.0
2024-04-12 08:00:00+00:00,7326.0
2024-04-12 08:15:00+00:00,7400.0
2024-04-12 08:30:00+00:00,7255.0
2024-04-12 08:45:00+00:00,7215.0
2024-04-12 09:00:00+00:00,7227.0
2024-04-12 09:15:00+00:00,7232.0
2024-04-12 09:30:00+00:00,7103.0
2024-04-12 09:45:00+00:00,7122.0
2024-04-12 10:00:00+00:00,6990.0
2024-04-12 10:15:00+00:00,6920.0
2024-04-12 10:30:00+00:00,6910.0
2024-04-12 10:45:00+00:00,7161.0
2024-04-12 11:00:00+00:00,7299.0
2024-04-12 11:15:00+00:00,7345.0
2024-04-12 11:30:00+00:00,7146.0
2024-04-12 11:45:00+00:00,7121.0
2024-04-12 12:00:00+00:00,7105.0
2024-04-12 12:15:00+00:00,6961.0
2024-04-12 12:30:00+00:00,6848.0
2024-04-12 12:45:00+00:00,6717.0
2024-04-12 13:00:00+00:00,6742.0
2024-04-12 13:15:00+00:00,6636.0
2024-04-12 13:30:00+00:00,6647.0
2024-04-12 13:45:00+00:00,6611.0
2024-04-12 14:00:00+00:00,6511.0
2024-04-12 14:15:00+00:00,6583.0
2024-04-12 14:30:00+00:00,6537.0
2024-04-12 14:45:00+00:00,6400.0
2024-04-12 15:00:00+00:00,6446.0
2024-04-12 15:15:00+00:00,6252.0
2024-04-12 15:30:00+00:00,6207.0
2024-04-12 15:45:00+00:00,6115.0
2024-04-12 16:00:00+00:00,6098.0
2024-04-12 16:15:00+00:00,6340.0
2024-04-12 16:30:00+00:00,6545.0
2024-04-12 16:45:00+00:00,6503.0
2024-04-12 17:00:00+00:00,6438.0
2024-04-12 17:15:00+00:00,6429.0
2024-04-12 17:30:00+00:00,6537.0
2024-04-12 17:45:00+00:00,6485.0
2024-04-12 18:00:00+00:00,6414.0
2024-04-12 18:15:00+00:00,6473.0
2024-04-12 18:30:00+00:00,6443.0
2024-04-12 18:45:00+00:00,6585.0
2024-04-12 19:00:00+00:00,6538.0
2024-04-12 19:15:00+00:00,6437.0
2024-04-12 19:30:00+00:00,6366.0
2024-04-12 19:45:00+00:00,6246.0
2024-04-12 20:00:00+00:00,6229.0
2024-04-12 20:15:00+00:00,6318.0
2024-04-12 20:30:00+00:00,6264.0
2024-04-12 20:45:00+00:00,6431.0
2024-04-12 21:00:00+00:00,6396.0
2024-04-12 21:15:00+00:00,6572.0
2024-04-12 21:30:00+00:00,6456.0
2024-04-12 21:45:00+00:00,6122.0
2024-04-12 22:00:00+00:00,6137.0
2024-04-12 22:15:00+00:00,6009.0
2024-04-12 22:30:00+00:00,5852.0
2024-04-12 22:45:00+00:00,5665.0
2024-04-12 23:00:00+00:00,5655.0
2024-04-12 23:15:00+00:00,5616.0
2024-04-12 23:30:00+00:00,5554.0
2024-04-12 23:45:00+00:00,5510.0
2024-04-13 00:00:00+00:00,5517.0
2024-04-13 00:15:00+00:00,5494.0
2024-04-13 00:30:00+00:00,5410.0
2024-04-13 00:45:00+00:00,5385.0
2024-04-13 01:00:00+00:00,5309.0
2024-04-13 01:15:00+00:00,5260.0
2024-04-13 01:30:00+00:00,5145.0
2024-04-13 01:45:00+00:00,5083.0
2024-04-13 02:00:00+00:00,5067.0
2024-04-13 02:15:00+00:00,5050.0
2024-04-13 02:30:00+00:00,5044.0
2024-04-13 02:45:00+00:00,4957.0
2024-04-13 03:00:00+00:00,5042.0
2024-04-13 03:15:00+00:00,4965.0
2024-04-13 03:30:00+00:00,5079.0
2024-04-13 03:45:00+00:00,5106.0
2024-04-13 04:00:00+00:00,5113.0
2024-04-13 04:15:00+00:00,5254.0
2024-04-13 04:30:00+00:00,5272.0
2024-04-13 04:45:00+00:00,5267.0
2024-04-13 05:00:00+00:00,5215.0
2024-04-13 05:15:00+00:00,5299.0
2024-04-13 05:30:00+00:00,5322.0
2024-04-13 05:45:00+00:00,5368.0
2024-04-13 06:00:00+00:00,5519.0
2024-04-13 06:15:00+00:00,5601.0
2024-04-13 06:30:00+00:00,5611.0
2024-04-13 06:45:00+00:00,5624.0
2024-04-13 07:00:00+00:00,5656.0
2024-04-13 07:15:00+00:00,5772.0
2024-04-13 07:30:00+00:00,5745.0
2024-04-13 07:45:00+00:00,5777.0
2024-04-13 08:00:00+00:00,5994.0
2024-04-13 08:15:00+00:00,6099.0
2024-04-13 08:30:00+00:00,6103.0
2024-04-13 08:45:00+00:00,6161.0
2024-04-13 09:00:00+00:00,6189.0
2024-04-13 09:15:00+00:00,6132.0
2024-04-13 09:30:00+00:00,6169.0
2024-04-13 09:45:00+00:00,6250.0
2024-04-13 10:00:00+00:00,6229.0
2024-04-13 10:15:00+00:00,6250.0
2024-04-13 10:30:00+00:00,6298.0
2024-04-13 10:45:00+00:00,6450.0
2024-04-13 11:00:00+00:00,6372.0
2024-04-13 11:15:00+00:00,6332.0
2024-04-13 11:30:00+00:00,6126.0
2024-04-13 11:45:00+00:00,6033.0
2024-04-13 12:00:00+00:00,5963.0
2024-04-13 12:15:00+00:00,5999.0
2024-04-13 12:30:00+00:00,5881.0
2024-04-13 12:45:00+00:00,5883.0
2024-04-13 13:00:00+00:00,5882.0
2024-04-13 13:15:00+00:00,5874.0
2024-04-13 13:30:00+00:00,5762.0
2024-04-13 13:45:00+00:00,5712.0
2024-04-13 14:00:00+00:00,5726.0
2024-04-13 14:15:00+00:00,5616.0
2024-04-13 14:30:00+00:00,5659.0
2024-04-13 14:45:00+00:00,5514.0
2024-04-13 15:00:00+00:00,5570.0
2024-04-13 15:15:00+00:00,5620.0
2024-04-13 15:30:00+00:00,5517.0
2024-04-13 15:45:00+00:00,5483.0
2024-04-13 16:00:00+00:00,5467.0
2024-04-13 16:15:00+00:00,5413.0
2024-04-13 16:30:00+00:00,5381.0
2024-04-13 16:45:00+00:00,5473.0
2024-04-13 17:00:00+00:00,5601.0
2024-04-13 17:15:00+00:00,5505.0
2024-04-13 17:30:00+00:00,5608.0
2024-04-13 17:45:00+00:00,5488.0
2024-04-13 18:00:00+00:00,5426.0
2024-04-13 18:15:00+00:00,5455.0
2024-04-13 18:30:00+00:00,5474.0
2024-04-13 18:45:00+00:00,5644.0
2024-04-13 19:00:00+00:00,5574.0
2024-04-13 19:15:00+00:00,5596.0
2024-04-13 19:30:00+00:00,5468.0
2024-04-13 19:45:00+00:00,5398.0
2024-04-13 20:00:00+00:00,5342.0
2024-04-13 20:15:00+00:00,5575.0
2024-04-13 20:30:00+00:00,5500.0
2024-04-13 20:45:00+00:00,5648.0
2024-04-13 21:00:00+00:00,5591.0
2024-04-13 21:15:00+00:00,5815.0
2024-04-13 21:30:00+00:00,5589.0
2024-04-13 21:45:00+00:00,5473.0
2024-04-13 22:00:00+00:00,5373.0
2024-04-13 22:15:00+00:00,5311.0
2024-04-13 22:30:00+00:00,5221.0
2024-04-13 22:45:00+00:00,5119.0
2024-04-13 23:00:00+00:00,5051.0
2024-04-13 23:15:00+00:00,5086.0
2024-04-13 23:30:00+00:00,4941.0
2024-04-13 23:45:00+00:00,4991.0
2024-04-14 00:00:00+00:00,4952.0
2024-04-14 00:15:00+00:00,5111.0
2024-04-14 00:30:00+00:00,4958.0
2024-04-14 00:45:00+00:00,4913.0
2024-04-14 01:00:00+00:00,4824.0
2024-04-14 01:15:00+00:00,4838.0
2024-04-14 01:30:00+00:00,4708.0
2024-04-14 01:45:00+00:00,4678.0
2024-04-14 02:00:00+00:00,4577.0
2024-04-14 02:15:00+00:00,4608.0
2024-04-14 02:30:00+00:00,4559.0
2024-04-14 02:45:00+00:00,4485.0
2024-04-14 03:00:00+00:00,4528.0
2024-04-14 03:15:00+00:00,4601.0
2024-04-14 03:30:00+00:00,4547.0
2024-04-14 03:45:00+00:00,4620.0
2024-04-14 04:00:00+00:00,4559.0
2024-04-14 04:15:00+00:00,4656.0
2024-04-14 04:30:00+00:00,4624.0
2024-04-14 04:45:00+00:00,4574.0
2024-04-14 05:00:00+00:00,4596.0
2024-04-14 05:15:00+00:00,4732.0
2024-04-14 05:30:00+00:00,4809.0
2024-04-14 05:45:00+00:00,4831.0
2024-04-14 06:00:00+00:00,4798.0
2024-04-14 06:15:00+00:00,4876.0
2024-04-14 06:30:00+00:00,5004.0
2024-04-14 06:45:00+00:00,5051.0
2024-04-14 07:00:00+00:00,5082.0
2024-04-14 07:15:00+00:00,5203.0
2024-04-14 07:30:00+00:00,5249.0
2024-04-14 07:45:00+00:00,5357.0
2024-04-14 08:00:00+00:00,5610.0
2024-04-14 08:15:00+00:00,5658.0
2024-04-14 08:30:00+00:00,5653.0
2024-04-14 08:45:00+00:00,5716.0
2024-04-14 09:00:00+00:00,5841.0
2024-04-14 09:15:00+00:00,5847.0
2024-04-14 09:30:00+00:00,5962.0
2024-04-14 09:45:00+00:00,6020.0
2024-04-14 10:00:00+00:00,5982.0
2024-04-14 10:15:00+00:00,6042.0
2024-04-14 10:30:00+00:00,5984.0
2024-04-14 10:45:00+00:00,6088.0
2024-04-14 11:00:00+00:00,5958.0
2024-04-14 11:15:00+00:00,6026.0
2024-04-14 11:30:00+00:00,5833.0
2024-04-14 11:45:00+00:00,5789.0
2024-04-14 12:00:00+00:00,5662.0
2024-04-14 12:15:00+00:00,5582.0
2024-04-14 12:30:00+00:00,5480.0
2024-04-14 12:45:00+00:00,5302.0
2024-04-14 13:00:00+00:00,5332.0
2024-04-14 13:15:00+00:00,5361.0
2024-04-14 13:30:00+00:00,5312.0
2024-04-14 13:45:00+00:00,5316.0
2024-04-14 14:00:00+00:00,5244.0
2024-04-14 14:15:00+00:00,5190.0
2024-04-14 14:30:00+00:00,5221.0
2024-04-14 14:45:00+00:00,5204.0
2024-04-14 15:00:00+00:00,5124.0
2024-04-14 15:15:00+00:00,4992.0
2024-04-14 15:30:00+00:00,4930.0
2024-04-14 15:45:00+00:00,5039.0
2024-04-14 16:00:00+00:00,5021.0
2024-04-14 16:15:00+00:00,5173.0
2024-04-14 16:30:00+00:00,5174.0
2024-04-14 16:45:00+00:00,5249.0
2024-04-14 17:00:00+00:00,5416.0
2024-04-14 17:15:00+00:00,5458.0
2024-04-14 17:30:00+00:00,5455.0
2024-04-14 17:45:00+00:00,5604.0
2024-04-14 18:00:00+00:00,5458.0
2024-04-14 18:15:00+00:00,5545.0
2024-04-14 18:30:00+00:00,5532.0
2024-04-14 18:45:00+00:00,5687.0
2024-04-14 19:00:00+00:00,5626.0
2024-04-14 19:15:00+00:00,5658.0
2024-04-14 19:30:00+00:00,5464.0
2024-04-14 19:45:00+00:00,5360.0
2024-04-14 20:00:00+00:00,5381.0
2024-04-14 20:15:00+00:00,5435.0
2024-04-14 20:30:00+00:00,5503.0
2024-04-14 20:45:00+00:00,5653.0
2024-04-14 21:00:00+00:00,5552.0
2024-04-14 21:15:00+00:00,5748.0
2024-04-14 21:30:00+00:00,5532.0
2024-04-14 21:45:00+00:00,5404.0
2024-04-14 22:00:00+00:00,5204.0
2024-04-14 22:15:00+00:00,5225.0
2024-04-14 22:30:00+00:00,5086.0
2024-04-14 22:45:00+00:00,4985.0
2024-04-14 23:00:00+00:00,4849.0
2024-04-14 23:15:00+00:00,4873.0
2024-04-14 23:30:00+00:00,4779.0
2024-04-14 23:45:00+00:00,4755.0
2024-04-15 00:00:00+00:00,4849.0
2024-04-15 00:15:00+00:00,4764.0
2024-04-15 00:30:00+00:00,4723.0
2024-04-15 00:45:00+00:00,4621.0
2024-04-15 01:00:00+00:00,4517.0
2024-04-15 01:15:00+00:00,4573.0
2024-04-15 01:30:00+00:00,4516.0
2024-04-15 01:45:00+00:00,4502.0
2024-04-15 02:00:00+00:00,4524.0
2024-04-15 02:15:00+00:00,4441.0
2024-04-15 02:30:00+00:00,4505.0
2024-04-15 02:45:00+00:00,4443.0
2024-04-15 03:00:00+00:00,4600.0
2024-04-15 03:15:00+00:00,4697.0
2024-04-15 03:30:00+00:00,4723.0
2024-04-15 03:45:00+00:00,4823.0
2024-04-15 04:00:00+00:00,4976.0
2024-04-15 04:15:00+00:00,5141.0
2024-04-15 04:30:00+00:00,5287.0
2024-04-15 04:45:00+00:00,5434.0
2024-04-15 05:00:00+00:00,5483.0
2024-04-15 05:15:00+00:00,5675.0
2024-04-15 05:30:00+00:00,5787.0
2024-04-15 05:45:00+00:00,5844.0
2024-04-15 06:00:00+00:00,5906.0
2024-04-15 06:15:00+00:00,6095.0
2024-04-15 06:30:00+00:00,6189.0
2024-04-15 06:45:00+00:00,6245.0
2024-04-15 07:00:00+00:00,6372.0
2024-04-15 07:15:00+00:00,6381.0
2024-04-15 07:30:00+00:00,6368.0
2024-04-15 07:45:00+00:00,6413.0
2024-04-15 08:00:00+00:00,6556.0
2024-04-15 08:15:00+00:00,6512.0
2024-04-15 08:30:00+00:00,6527.0
2024-04-15 08:45:00+00:00,6726.0
2024-04-15 09:00:00+00:00,6733.0
2024-04-15 09:15:00+00:00,6704.0
2024-04-15 09:30:00+00:00,6733.0
2024-04-15 09:45:00+00:00,6604.0
2024-04-15 10:00:00+00:00,6721.0
2024-04-15 10:15:00+00:00,6745.0
2024-04-15 10:30:00+00:00,6730.0
2024-04-15 10:45:00+00:00,7010.0
2024-04-15 11:00:00+00:00,6880.0
2024-04-15 11:15:00+00:00,6903.0
2024-04-15 11:30:00+00:00,6835.0
2024-04-15 11:45:00+00:00,7038.0
2024-04-15 12:00:00+00:00,6975.0
2024-04-15 12:15:00+00:00,6848.0
2024-04-15 12:30:00+00:00,6779.0
2024-04-15 12:45:00+00:00,6677.0
2024-04-15 13:00:00+00:00,6778.0
2024-04-15 13:15:00+00:00,6655.0
2024-04-15 13:30:00+00:00,6713.0
2024-04-15 13:45:00+00:00,6704.0
2024-04-15 14:00:00+00:00,6602.0
2024-04-15 14:15:00+00:00,6483.0
2024-04-15 14:30:00+00:00,6382.0
2024-04-15 14:45:00+00:00,6216.0
2024-04-15 15:00:00+00:00,6225.0
2024-04-15 15:15:00+00:00,6206.0
2024-04-15 15:30:00+00:00,6181.0
2024-04-15 15:45:00+00:00,6150.0
2024-04-15 16:00:00+00:00,6152.0
2024-04-15 16:15:00+00:00,6020.0
2024-04-15 16:30:00+00:00,6121.0
2024-04-15 16:45:00+00:00,6209.0
2024-04-15 17:00:00+00:00,6415.0
2024-04-15 17:15:00+00:00,6337.0
2024-04-15 17:30:00+00:00,6412.0
2024-04-15 17:45:00+00:00,6353.0
2024-04-15 18:00:00+00:00,6283.0
2024-04-15 18:15:00+00:00,6331.0
2024-04-15 18:30:00+00:00,6295.0
2024-04-15 18:45:00+00:00,6393.0
2024-04-15 19:00:00+00:00,6275.0
2024-04-15 19:15:00+00:00,6215.0
2024-04-15 19:30:00+00:00,6129.0
2024-04-15 19:45:00+00:00,6054.0
2024-04-15 20:00:00+00:00,6041.0
2024-04-15 20:15:00+00:00,6120.0
2024-04-15 20:30:00+00:00,6213.0
2024-04-15 20:45:00+00:00,6203.0
2024-04-15 21:00:00+00:00,6147.0
2024-04-15 21:15:00+00:00,6219.0
2024-04-15 21:30:00+00:00,6071.0
2024-04-15 21:45:00+00:00,5852.0
2024-04-15 22:00:00+00:00,5809.0
2024-04-15 22:15:00+00:00,5701.0
2024-04-15 22:30:00+00:00,5538.0
2024-04-15 22:45:00+00:00,5300.0
2024-04-15 23:00:00+00:00,5270.0
2024-04-15 23:15:00+00:00,5335.0
2024-04-15 23:30:00+00:00,5218.0
2024-04-15 23:45:00+00:00,5239.0
2024-04-16 00:00:00+00:00,5239.0
2024-04-16 00:15:00+00:00,5314.0
2024-04-16 00:30:00+00:00,5291.0
2024-04-16 00:45:00+00:00,5205.0
2024-04-16 01:00:00+00:00,5128.0
2024-04-16 01:15:00+00:00,5175.0
2024-04-16 01:30:00+00:00,4982.0
2024-04-16 01:45:00+00:00,5040.0
2024-04-16 02:00:00+00:00,4963.0
2024-04-16 02:15:00+00:00,4953.0
2024-04-16 02:30:00+00:00,4915.0
2024-04-16 02:45:00+00:00,4981.0
2024-04-16 03:00:00+00:00,5076.0
2024-04-16 03:15:00+00:00,5175.0
2024-04-16 03:30:00+00:00,5256.0
2024-04-16 03:45:00+00:00,5384.0
2024-04-16 04:00:00+00:00,5447.0
2024-04-16 04:15:00+00:00,5571.0
2024-04-16 04:30:00+00:00,5802.0
2024-04-16 04:45:00+00:00,5780.0
2024-04-16 05:00:00+00:00,5993.0
2024-04-16 05:15:00+00:00,6022.0
2024-04-16 05:30:00+00:00,6281.0
2024-04-16 05:45:00+00:00,6354.0
2024-04-16 06:00:00+00:00,6353.0
2024-04-16 06:15:00+00:00,6608.0
2024-04-16 06:30:00+00:00,6644.0
2024-04-16 06:45:00+00:00,6637.0
2024-04-16 07:00:00+00:00,6756.0
2024-04-16 07:15:00+00:00,6792.0
2024-04-16 07:30:00+00:00,6890.0
2024-04-16 07:45:00+00:00,6944.0
2024-04-16 08:00:00+00:00,7138.0
2024-04-16 08:15:00+00:00,7093.0
2024-04-16 08:30:00+00:00,7209.0
2024-04-16 08:45:00+00:00,7220.0
2024-04-16 09:00:00+00:00,7153.0
2024-04-16 09:15:00+00:00,7208.0
2024-04-16 09:30:00+00:00,7064.0
2024-04-16 09:45:00+00:00,7075.0
2024-04-16 10:00:00+00:00,7041.0
2024-04-16 10:15:00+00:00,7039.0
2024-04-16 10:30:00+00:00,6906.0
2024-04-16 10:45:00+00:00,7032.0
2024-04-16 11:00:00+00:00,6884.0
2024-04-16 11:15:00+00:00,6932.0
2024-04-16 11:30:00+00:00,6869.0
2024-04-16 11:45:00+00:00,6886.0
2024-04-16 12:00:00+00:00,6990.0
2024-04-16 12:15:00+00:00,7087.0
2024-04-16 12:30:00+00:00,7006.0
2024-04-16 12:45:00+00:00,6910.0
2024-04-16 13:00:00+00:00,6910.0
2024-04-16 13:15:00+00:00,7007.0
2024-04-16 13:30:00+00:00,6972.0
2024-04-16 13:45:00+00:00,6975.0
2024-04-16 14:00:00+00:00,6835.0
2024-04-16 14:15:00+00:00,6943.0
2024-04-16 14:30:00+00:00,6733.0
2024-04-16 14:45:00+00:00,6728.0
2024-04-16 15:00:00+00:00,6661.0
2024-04-16 15:15:00+00:00,6554.0
2024-04-16 15:30:00+00:00,6549.0
2024-04-16 15:45:00+00:00,6480.0
2024-04-16 16:00:00+00:00,6484.0
2024-04-16 16:15:00+00:00,6434.0
2024-04-16 16:30:00+00:00,6567.0
2024-04-16 16:45:00+00:00,6572.0
2024-04-16 17:00:00+00:00,6674.0
2024-04-16 17:15:00+00:00,6574.0
2024-04-16 17:30:00+00:00,6713.0
2024-04-16 17:45:00+00:00,6717.0
2024-04-16 18:00:00+00:00,6690.0
2024-04-16 18:15:00+00:00,6647.0
2024-04-16 18:30:00+00:00,6678.0
2024-04-16 18:45:00+00:00,6644.0
2024-04-16 19:00:00+00:00,6636.0
2024-04-16 19:15:00+00:00,6620.0
2024-04-16 19:30:00+00:00,6548.0
2024-04-16 19:45:00+00:00,6357.0
2024-04-16 20:00:00+00:00,6442.0
2024-04-16 20:15:00+00:00,6444.0
2024-04-16 20:30:00+00:00,6463.0
2024-04-16 20:45:00+00:00,6662.0
2024-04-16 21:00:00+00:00,6633.0
2024-04-16 21:15:00+00:00,6698.0
2024-04-16 21:30:00+00:00,6575.0
2024-04-16 21:45:00+00:00,6485.0
2024-04-16 22:00:00+00:00,6369.0
2024-04-16 22:15:00+00:00,6269.0
2024-04-16 22:30:00+00:00,6230.0
2024-04-16 22:45:00+00:00,5994.0
2024-04-16 23:00:00+00:00,5905.0
2024-04-16 23:15:00+00:00,5862.0
2024-04-16 23:30:00+00:00,5819.0
2024-04-16 23:45:00+00:00,5861.0
2024-04-17 00:00:00+00:00,5901.0
2024-04-17 00:15:00+00:00,5956.0
2024-04-17 00:30:00+00:00,5766.0
2024-04-17 00:45:00+00:00,5805.0
2024-04-17 01:00:00+00:00,5815.0
2024-04-17 01:15:00+00:00,5712.0
2024-04-17 01:30:00+00:00,5742.0
2024-04-17 01:45:00+00:00,5680.0
2024-04-17 02:00:00+00:00,5754.0
2024-04-17 02:15:00+00:00,5694.0
2024-04-17 02:30:00+00:00,5765.0
2024-04-17 02:45:00+00:00,5736.0
2024-04-17 03:00:00+00:00,5835.0
2024-04-17 03:15:00+00:00,5890.0
2024-04-17 03:30:00+00:00,6016.0
2024-04-17 03:45:00+00:00,6126.0
2024-04-17 04:00:00+00:00,6150.0
2024-04-17 04:15:00+00:00,6337.0
2024-04-17 04:30:00+00:00,6489.0
2024-04-17 04:45:00+00:00,6403.0
2024-04-17 05:00:00+00:00,6572.0
2024-04-17 05:15:00+00:00,6700.0
2024-04-17 05:30:00+00:00,6856.0
2024-04-17 05:45:00+00:00,6789.0
2024-04-17 06:00:00+00:00,7047.0
2024-04-17 06:15:00+00:00,7105.0
2024-04-17 06:30:00+00:00,7257.0
2024-04-17 06:45:00+00:00,7323.0
2024-04-17 07:00:00+00:00,7364.0
2024-04-17 07:15:00+00:00,7348.0
2024-04-17 07:30:00+00:00,7423.0
2024-04-17 07:45:00+00:00,7541.0
2024-04-17 08:00:00+00:00,7522.0
2024-04-17 08:15:00+00:00,7388.0
2024-04-17 08:30:00+00:00,7394.0
2024-04-17 08:45:00+00:00,7526.0
2024-04-17 09:00:00+00:00,7627.0
2024-04-17 09:15:00+00:00,7618.0
2024-04-17 09:30:00+00:00,7660.0
2024-04-17 09:45:00+00:00,7625.0
2024-04-17 10:00:00+00:00,7587.0
2024-04-17 10:15:00+00:00,7465.0
2024-04-17 10:30:00+00:00,7499.0
2024-04-17 10:45:00+00:00,7530.0
2024-04-17 11:00:00+00:00,7512.0
2024-04-17 11:15:00+00:00,7386.0
2024-04-17 11:30:00+00:00,
2024-04-17 11:45:00+00:00,
2024-04-17 12:00:00+00:00,
2024-04-17 12:15:00+00:00,
2024-04-17 12:30:00+00:00,
2024-04-17 12:45:00+00:00,
2024-04-17 13:00:00+00:00,
2024-04-17 13:15:00+00:00,
2024-04-17 13:30:00+00:00,
2024-04-17 13:45:00+00:00,
2024-04-17 14:00:00+00:00,
2024-04-17 14:15:00+00:00,
2024-04-17 14:30:00+00:00,
2024-04-17 14:45:00+00:00,
2024-04-17 15:00:00+00:00,
2024-04-17 15:15:00+00:00,
2024-04-17 15:30:00+00:00,
2024-04-17 15:45:00+00:00,
2024-04-17 16:00:00+00:00,
2024-04-17 16:15:00+00:00,
2024-04-17 16:30:00+00:00,
2024-04-17 16:45:00+00:00,
2024-04-17 17:00:00+00:00,
2024-04-17 17:15:00+00:00,
2024-04-17 17:30:00+00:00,
2024-04-17 17:45:00+00:00,
2024-04-17 18:00:00+00:00,
2024-04-17 18:15:00+00:00,
2024-04-17 18:30:00+00:00,
2024-04-17 18:45:00+00:00,
2024-04-17 19:00:00+00:00,
2024-04-17 19:15:00+00:00,
2024-04-17 19:30:00+00:00,
2024-04-17 19:45:00+00:00,
2024-04-17 20:00:00+00:00,
2024-04-17 20:15:00+00:00,
2024-04-17 20:30:00+00:00,
2024-04-17 20:45:00+00:00,
2024-04-17 21:00:00+00:00,
2024-04-17 21:15:00+00:00,
2024-04-17 21:30:00+00:00,
2024-04-17 21:45:00+00:00,
